"pathway","pval","padj","log2err","ES","NES","size"
"HALLMARK_E2F_TARGETS",5.40826122833001e-27,2.704130614165e-25,1.34992572002205,0.590998135650979,3.00532118606791,200
"HALLMARK_MYC_TARGETS_V1",9.44649695633956e-22,2.36162423908489e-20,1.20397524075264,0.55591388531341,2.82488992504094,199
"HALLMARK_GLYCOLYSIS",7.51376425302659e-19,1.2522940421711e-17,1.12391496374483,0.526297052570233,2.65981469001177,196
"HALLMARK_MTORC1_SIGNALING",2.31801842362056e-18,2.69465062714295e-17,1.10533657731401,0.522733728757089,2.65628415273794,199
"HALLMARK_OXIDATIVE_PHOSPHORYLATION",2.69465062714295e-18,2.69465062714295e-17,1.10533657731401,0.519030997257288,2.63935663784305,200
"HALLMARK_G2M_CHECKPOINT",1.9107843345174e-13,1.5923202787645e-12,0.943632225232838,0.469987272232556,2.38227122322367,198
"HALLMARK_ALLOGRAFT_REJECTION",2.98799831846036e-13,2.13428451318597e-12,0.932595211336209,-0.508771157482477,-2.31165199376431,189
"HALLMARK_UNFOLDED_PROTEIN_RESPONSE",8.62804451506663e-09,5.39252782191664e-08,0.747739663149885,0.485602211875799,2.2637252709826,112
"HALLMARK_DNA_REPAIR",5.29507807673928e-08,2.94171004263293e-07,0.719512826338911,0.42082035489652,2.06416850152706,149
"HALLMARK_ESTROGEN_RESPONSE_EARLY",7.01727867237741e-08,3.50863933618871e-07,0.704975715167238,-0.428794343346388,-1.95858413666052,198
"HALLMARK_MYC_TARGETS_V2",1.31264853476259e-07,5.96658424892087e-07,0.690132458796796,0.573927380796587,2.31017841799259,57
"HALLMARK_INTERFERON_GAMMA_RESPONSE",4.35585316699037e-07,1.81493881957932e-06,0.674962860011025,-0.422454724046499,-1.91823795749711,192
"HALLMARK_HYPOXIA",2.0555095055116e-06,7.90580579042924e-06,0.627256739718528,0.361803151908585,1.82849083733106,196
"HALLMARK_PROTEIN_SECRETION",8.06668443230028e-05,0.000288095872582153,0.538434096309916,0.407147598388881,1.82377468684916,96
"HALLMARK_UV_RESPONSE_UP",0.000123207036679833,0.000410690122266109,0.518848077743792,0.345203109083744,1.69932361054945,156
"HALLMARK_CHOLESTEROL_HOMEOSTASIS",0.000167940797419629,0.000498380804111715,0.518848077743792,0.414090162198114,1.7672119070829,74
"HALLMARK_ESTROGEN_RESPONSE_LATE",0.000177498190127488,0.000498380804111715,0.518848077743792,-0.362553840433666,-1.65602044797755,198
"HALLMARK_KRAS_SIGNALING_DN",0.000179417089480217,0.000498380804111715,0.518848077743792,-0.367933049368673,-1.66996899124579,188
"HALLMARK_KRAS_SIGNALING_UP",0.000851843820562082,0.00224169426463706,0.477270815362862,-0.347482833746065,-1.58718130613749,198
"HALLMARK_REACTIVE_OXYGEN_SPECIES_PATHWAY",0.00133504349470738,0.00333760873676844,0.45505986738723,0.465393206871623,1.7923718945302,48
"HALLMARK_ADIPOGENESIS",0.00158933542430173,0.00378413196262317,0.45505986738723,0.298581205846643,1.51344824957711,198
"HALLMARK_COMPLEMENT",0.00354013365467524,0.00804575830608009,0.431707695803346,-0.329466971631365,-1.50466837372985,197
"HALLMARK_IL6_JAK_STAT3_SIGNALING",0.00445216331879578,0.00961612250109067,0.407017918923954,-0.397693451215046,-1.61796601002992,84
"HALLMARK_INTERFERON_ALPHA_RESPONSE",0.00461573880052352,0.00961612250109067,0.407017918923954,-0.389410310360414,-1.62152813495962,96
"HALLMARK_INFLAMMATORY_RESPONSE",0.00582157579623471,0.0116431515924694,0.407017918923954,-0.319667659416151,-1.46142947135174,199
"HALLMARK_IL2_STAT5_SIGNALING",0.00701571858888849,0.0134917665170933,0.407017918923954,-0.318769654647257,-1.45602944285232,198
"HALLMARK_TNFA_SIGNALING_VIA_NFKB",0.0109006230687636,0.020186339016229,0.380730400722792,-0.306923834371546,-1.40316833373165,199
"HALLMARK_HEME_METABOLISM",0.0113047443868097,0.0201870435478744,0.380730400722792,0.270719927014308,1.37071614909639,192
"HALLMARK_MITOTIC_SPINDLE",0.017729953734359,0.0305688857488948,0.352487857583619,0.26077790932069,1.3190596251594,197
"HALLMARK_P53_PATHWAY",0.0309230610479441,0.0515384350799069,0.352487857583619,0.254864328248379,1.29185616480251,198
"HALLMARK_APICAL_SURFACE",0.0347930397070463,0.0561178059791069,0.321775918075361,-0.407297679975487,-1.4567029146736,44
"HALLMARK_PI3K_AKT_MTOR_SIGNALING",0.0371709780651274,0.0580796532267615,0.321775918075361,0.287508944292687,1.315883901902,104
"HALLMARK_BILE_ACID_METABOLISM",0.0892112579777363,0.13516857269354,0.287805130535564,0.268669999983295,1.25265267418797,110
"HALLMARK_APICAL_JUNCTION",0.114173228346457,0.167901806391848,0.266350657088526,0.228849764042154,1.15756156171972,197
"HALLMARK_XENOBIOTIC_METABOLISM",0.194557823129252,0.277939747327502,0.111918316325105,-0.249062685817223,-1.13091763575164,192
"HALLMARK_WNT_BETA_CATENIN_SIGNALING",0.206106870229008,0.286259541984733,0.154190966581424,0.31759386753713,1.18693169747241,42
"HALLMARK_PEROXISOME",0.228395061728395,0.308641975308642,0.161978948883402,0.243200797898042,1.11309237933819,104
"HALLMARK_COAGULATION",0.261980830670927,0.338178881485968,0.153158808683073,0.22441548471355,1.07815053411833,127
"HALLMARK_EPITHELIAL_MESENCHYMAL_TRANSITION",0.263779527559055,0.338178881485968,0.170932335370056,0.209984721395597,1.06780629902603,200
"HALLMARK_APOPTOSIS",0.4109396914446,0.51367461430575,0.0709609456938284,-0.229865026014485,-1.02223071929536,160
"HALLMARK_SPERMATOGENESIS",0.476635514018692,0.581262821974014,0.107554375265169,0.212349391934483,0.992704389521254,115
"HALLMARK_HEDGEHOG_SIGNALING",0.522167487684729,0.621627961529439,0.0880945010398517,0.264597316986736,0.950642841648999,35
"HALLMARK_ANGIOGENESIS",0.558484349258649,0.634641305975738,0.0637845390312975,-0.273443590994193,-0.924827433220508,33
"HALLMARK_FATTY_ACID_METABOLISM",0.555944055944056,0.634641305975738,0.105125131597001,0.196836962773273,0.966511246090344,152
"HALLMARK_PANCREAS_BETA_CELLS",0.6,0.666666666666667,0.0806388495950661,0.252103497263588,0.902145986889432,32
"HALLMARK_UV_RESPONSE_DN",0.686695278969957,0.746407911923866,0.0475434194201301,-0.206788894223495,-0.909343693111144,143
"HALLMARK_ANDROGEN_RESPONSE",0.719167904903418,0.765072239258955,0.0471642455670861,-0.210525316625014,-0.874870073491142,98
"HALLMARK_TGF_BETA_SIGNALING",0.762532981530343,0.794305189094107,0.0716527366829457,0.211569382378562,0.837728852837677,54
"HALLMARK_MYOGENESIS",0.856756756756757,0.874241588527303,0.0347156757446657,-0.184781166299497,-0.841130292965403,193
"HALLMARK_NOTCH_SIGNALING",0.88641975308642,0.88641975308642,0.0610363728309177,0.204507459505773,0.731824769924497,32
